"Mutation_Level","Variable","OR","CI_lower","CI_upper","p_value","Method","BAPS_group"
"S83I","(Intercept)",0.23,0.08,0.67,0.007,"Bias-Reduced Multinomial Logistic Regression","(Intercept)"
"S83I","BAPS2",1.37,0.34,5.6,0.6575,"Bias-Reduced Multinomial Logistic Regression","2"
"S83I","BAPS3",10.33,2.45,43.55,0.0015,"Bias-Reduced Multinomial Logistic Regression","3"
"S83I","BAPS4",1.67,0.47,5.85,0.4255,"Bias-Reduced Multinomial Logistic Regression","4"
"S83I","BAPS5",0.3,0.06,1.4,0.1248,"Bias-Reduced Multinomial Logistic Regression","5"
"S83I","BAPS6",0.17,0.01,4.54,0.2928,"Bias-Reduced Multinomial Logistic Regression","6"
"S83I _M95I","(Intercept)",0.18,0.05,0.59,0.0044,"Bias-Reduced Multinomial Logistic Regression","(Intercept)"
"S83I _M95I","BAPS2",0.14,0.01,3.14,0.213,"Bias-Reduced Multinomial Logistic Regression","2"
"S83I _M95I","BAPS3",0.43,0.02,11.14,0.6102,"Bias-Reduced Multinomial Logistic Regression","3"
"S83I _M95I","BAPS4",2.14,0.55,8.32,0.271,"Bias-Reduced Multinomial Logistic Regression","4"
"S83I _M95I","BAPS5",0.06,0,1.2,0.0653,"Bias-Reduced Multinomial Logistic Regression","5"
"S83I _M95I","BAPS6",0.22,0.01,6.08,0.3734,"Bias-Reduced Multinomial Logistic Regression","6"
"Single","(Intercept)",0.28,0.11,0.75,0.0117,"Bias-Reduced Multinomial Logistic Regression","(Intercept)"
"Single","BAPS2",1.12,0.29,4.31,0.8644,"Bias-Reduced Multinomial Logistic Regression","2"
"Single","BAPS3",0.82,0.1,6.79,0.8525,"Bias-Reduced Multinomial Logistic Regression","3"
"Single","BAPS4",0.49,0.12,2,0.3215,"Bias-Reduced Multinomial Logistic Regression","4"
"Single","BAPS5",0.39,0.1,1.46,0.1616,"Bias-Reduced Multinomial Logistic Regression","5"
"Single","BAPS6",0.43,0.05,3.46,0.4239,"Bias-Reduced Multinomial Logistic Regression","6"
"Dual","(Intercept)",0.03,0,0.47,0.0139,"Bias-Reduced Multinomial Logistic Regression","(Intercept)"
"Dual","BAPS2",2.85,0.1,84.41,0.544,"Bias-Reduced Multinomial Logistic Regression","2"
"Dual","BAPS3",3,0.04,202.22,0.6091,"Bias-Reduced Multinomial Logistic Regression","3"
"Dual","BAPS4",3,0.12,73.57,0.501,"Bias-Reduced Multinomial Logistic Regression","4"
"Dual","BAPS5",0.39,0.01,22.74,0.6472,"Bias-Reduced Multinomial Logistic Regression","5"
"Dual","BAPS6",1.56,0.02,109.11,0.8374,"Bias-Reduced Multinomial Logistic Regression","6"
"S83I","BAPS1",1.6,0.53,4.86,0.5599,"Pearson's Chi-squared test with Yates' continuity correction","1"
"S83I","BAPS2",1.01,0.39,2.63,1,"Pearson's Chi-squared test with Yates' continuity correction","2"
"S83I","BAPS3",0.07,0.03,0.18,0,"Pearson's Chi-squared test with Yates' continuity correction","3"
"S83I","BAPS4",0.9,0.43,1.92,0.9456,"Pearson's Chi-squared test with Yates' continuity correction","4"
"S83I","BAPS5",5.47,1.62,18.5,0.0049,"Pearson's Chi-squared test with Yates' continuity correction","5"
"S83I","BAPS6",Inf,NA,Inf,0.1653,"Pearson's Chi-squared test with Yates' continuity correction","6"
"S83I _M95I","BAPS1",0.64,0.17,2.4,0.7725,"Pearson's Chi-squared test with Yates' continuity correction","1"
"S83I _M95I","BAPS2",Inf,NA,Inf,0.1881,"Pearson's Chi-squared test with Yates' continuity correction","2"
"S83I _M95I","BAPS3",Inf,NA,Inf,0.3702,"Pearson's Chi-squared test with Yates' continuity correction","3"
"S83I _M95I","BAPS4",0.08,0.02,0.3,0,"Pearson's Chi-squared test with Yates' continuity correction","4"
"S83I _M95I","BAPS5",Inf,NA,Inf,0.0353,"Pearson's Chi-squared test with Yates' continuity correction","5"
"S83I _M95I","BAPS6",Inf,NA,Inf,0.6585,"Pearson's Chi-squared test with Yates' continuity correction","6"
"Single","BAPS1",0.52,0.18,1.52,0.3715,"Pearson's Chi-squared test with Yates' continuity correction","1"
"Single","BAPS2",0.42,0.15,1.18,0.1698,"Pearson's Chi-squared test with Yates' continuity correction","2"
"Single","BAPS3",2.51,0.32,19.59,0.5954,"Pearson's Chi-squared test with Yates' continuity correction","3"
"Single","BAPS4",1.88,0.61,5.79,0.3885,"Pearson's Chi-squared test with Yates' continuity correction","4"
"Single","BAPS5",1.25,0.44,3.56,0.8679,"Pearson's Chi-squared test with Yates' continuity correction","5"
"Single","BAPS6",1.36,0.17,11.01,1,"Pearson's Chi-squared test with Yates' continuity correction","6"
"Dual","BAPS1",0,0,NA,1,"Pearson's Chi-squared test with Yates' continuity correction","1"
"Dual","BAPS2",2.88,0.25,32.65,0.9379,"Pearson's Chi-squared test with Yates' continuity correction","2"
"Dual","BAPS3",0,0,NA,1,"Pearson's Chi-squared test with Yates' continuity correction","3"
"Dual","BAPS4",5.2,0.46,58.41,0.4011,"Pearson's Chi-squared test with Yates' continuity correction","4"
"Dual","BAPS5",0,0,NA,0.698,"Pearson's Chi-squared test with Yates' continuity correction","5"
"Dual","BAPS6",0,0,NA,1,"Pearson's Chi-squared test with Yates' continuity correction","6"
