"Mutation_Level","BAPS_group","OR","CI_lower","CI_upper","p_value","Method"
"2","(Intercept)",2.2,0.47,10.21,0.3141,"Bias-Reduced Multinomial Logistic Regression"
"2","MutationA644T",0.45,0,143.15,0.7882,"Bias-Reduced Multinomial Logistic Regression"
"2","MutationA742G",19.55,0.67,567.1,0.0836,"Bias-Reduced Multinomial Logistic Regression"
"2","MutationC1435T",0.06,0.01,0.47,0.0073,"Bias-Reduced Multinomial Logistic Regression"
"2","MutationC1435T_Dual",0.06,0,2.21,0.1289,"Bias-Reduced Multinomial Logistic Regression"
"2","MutationC462T",0.45,0,43.46,0.7347,"Bias-Reduced Multinomial Logistic Regression"
"2","MutationOther",0.29,0.04,2.01,0.2117,"Bias-Reduced Multinomial Logistic Regression"
"3","(Intercept)",3,0.69,13.05,0.1429,"Bias-Reduced Multinomial Logistic Regression"
"3","MutationA644T",0.33,0,103.2,0.7073,"Bias-Reduced Multinomial Logistic Regression"
"3","MutationA742G",0.33,0,28.29,0.6278,"Bias-Reduced Multinomial Logistic Regression"
"3","MutationC1435T",0.01,0,0.22,0.0041,"Bias-Reduced Multinomial Logistic Regression"
"3","MutationC1435T_Dual",0.05,0,1.58,0.0883,"Bias-Reduced Multinomial Logistic Regression"
"3","MutationC462T",10.33,0.34,315.03,0.1804,"Bias-Reduced Multinomial Logistic Regression"
"3","MutationOther",0.02,0,0.59,0.0235,"Bias-Reduced Multinomial Logistic Regression"
"4","(Intercept)",0.2,0.01,4.52,0.3117,"Bias-Reduced Multinomial Logistic Regression"
"4","MutationA644T",5,0.01,2892.58,0.6199,"Bias-Reduced Multinomial Logistic Regression"
"4","MutationA742G",5,0.03,927.86,0.5459,"Bias-Reduced Multinomial Logistic Regression"
"4","MutationC1435T",14.73,0.62,348.56,0.0956,"Bias-Reduced Multinomial Logistic Regression"
"4","MutationC1435T_Dual",13.57,0.46,400.12,0.1309,"Bias-Reduced Multinomial Logistic Regression"
"4","MutationC462T",5,0.02,1008.55,0.5522,"Bias-Reduced Multinomial Logistic Regression"
"4","MutationOther",0.29,0,23.37,0.5835,"Bias-Reduced Multinomial Logistic Regression"
"5","(Intercept)",16.6,4.48,61.57,0,"Bias-Reduced Multinomial Logistic Regression"
"5","MutationA644T",0.3,0,26.84,0.6004,"Bias-Reduced Multinomial Logistic Regression"
"5","MutationA742G",0.06,0,4.86,0.2098,"Bias-Reduced Multinomial Logistic Regression"
"5","MutationC1435T",0.03,0.01,0.14,0,"Bias-Reduced Multinomial Logistic Regression"
"5","MutationC1435T_Dual",0.01,0,0.27,0.0067,"Bias-Reduced Multinomial Logistic Regression"
"5","MutationC462T",0.06,0,5.37,0.22,"Bias-Reduced Multinomial Logistic Regression"
"5","MutationOther",0.05,0.01,0.25,4e-04,"Bias-Reduced Multinomial Logistic Regression"
"6","(Intercept)",0.2,0.01,4.52,0.3117,"Bias-Reduced Multinomial Logistic Regression"
"6","MutationA644T",15,0.06,3657.48,0.3342,"Bias-Reduced Multinomial Logistic Regression"
"6","MutationA742G",5,0.03,927.86,0.5459,"Bias-Reduced Multinomial Logistic Regression"
"6","MutationC1435T",1.22,0.05,32.63,0.9072,"Bias-Reduced Multinomial Logistic Regression"
"6","MutationC1435T_Dual",12.14,0.41,360.9,0.1491,"Bias-Reduced Multinomial Logistic Regression"
"6","MutationC462T",5,0.02,1008.55,0.5522,"Bias-Reduced Multinomial Logistic Regression"
"6","MutationOther",0.29,0,23.37,0.5835,"Bias-Reduced Multinomial Logistic Regression"
"A644T","1",13782829.73,0,Inf,0.338,"Likelihood Ratio Test"
"A644T","2",13932642.86,0,Inf,0.3216,"Likelihood Ratio Test"
"A644T","3",4836400.24,0,Inf,0.4249,"Likelihood Ratio Test"
"A644T","4",16646794.32,0,Inf,0.1531,"Likelihood Ratio Test"
"A644T","5",0.17,0.02,1.95,0.1416,"Likelihood Ratio Test"
"A644T","6",0.12,0.01,1.38,0.1436,"Likelihood Ratio Test"
"A742G","1",14456099.09,0,Inf,0.0095,"Likelihood Ratio Test"
"A742G","2",0,0,Inf,0,"Likelihood Ratio Test"
"A742G","3",13721043.21,0,Inf,0.0308,"Likelihood Ratio Test"
"A742G","4",48541811.26,0,Inf,1e-04,"Likelihood Ratio Test"
"A742G","5",46820470.43,0,Inf,2e-04,"Likelihood Ratio Test"
"A742G","6",4803446.55,0,Inf,0.1008,"Likelihood Ratio Test"
"C1435T","1",0.42,0.19,0.9,0.0246,"Likelihood Ratio Test"
"C1435T","2",12.92,3,55.54,0,"Likelihood Ratio Test"
"C1435T","3",33345934,0,Inf,0,"Likelihood Ratio Test"
"C1435T","4",0.04,0.02,0.1,0,"Likelihood Ratio Test"
"C1435T","5",5.06,2.33,10.97,0,"Likelihood Ratio Test"
"C1435T","6",1.51,0.45,5.05,0.4982,"Likelihood Ratio Test"
"C1435T_Dual","1",0.92,0.25,3.35,0.9032,"Likelihood Ratio Test"
"C1435T_Dual","2",13850154.83,0,Inf,0.0089,"Likelihood Ratio Test"
"C1435T_Dual","3",12994246.37,0,Inf,0.0353,"Likelihood Ratio Test"
"C1435T_Dual","4",0.45,0.18,1.15,0.1022,"Likelihood Ratio Test"
"C1435T_Dual","5",44276903.56,0,Inf,3e-04,"Likelihood Ratio Test"
"C1435T_Dual","6",0.04,0.01,0.14,0,"Likelihood Ratio Test"
"C462T","1",9969723.51,0,Inf,0.0296,"Likelihood Ratio Test"
"C462T","2",10085650.53,0,Inf,0.0244,"Likelihood Ratio Test"
"C462T","3",0,0,Inf,0,"Likelihood Ratio Test"
"C462T","4",33207677.72,0,Inf,0.0012,"Likelihood Ratio Test"
"C462T","5",32078164.58,0,Inf,0.002,"Likelihood Ratio Test"
"C462T","6",3323813.46,0,Inf,0.1687,"Likelihood Ratio Test"
"Other","1",1,0,Inf,1,"Likelihood Ratio Test"
"Other","2",1,0,Inf,1,"Likelihood Ratio Test"
"Other","3",1,0,Inf,1,"Likelihood Ratio Test"
"Other","4",1,0,Inf,1,"Likelihood Ratio Test"
"Other","5",1,0,Inf,1,"Likelihood Ratio Test"
"Other","6",1,0,Inf,1,"Likelihood Ratio Test"
