Sample,BAPS,Mutation
DW013 ,1,Single
DW027,1,WT
DW033 ,2,WT
DW039 ,3,WT
DW041 ,4,S83I 
DW043 ,4,WT
DW047 ,5,WT
DW050,1,WT
DW055,5,WT
DW058,4,WT
DW065 ,1,WT
DW077 ,5,Single
DW079,1,Single
DW081 ,6,WT
DW085 ,5,S83I
DW088 ,5,Single
DW096,4,WT
DW097,5,WT
DW098 ,1,WT
DW100 ,3,WT
DW108,4,S83I _M95I
DW112,2,WT
DW119 ,4,Single
DW121 ,3,S83I
DW123 ,5,WT
DW124 ,5,WT
DW128 ,5,WT
DW129 ,3,WT
DW131 ,5,WT
DW133,2,S83I
DW140,1,WT
DW141,4,S83I _M95I
DW148 ,4,WT
DW153,4,S83I
DW155,4,S83I
DW166,1,S83I
DW167,1,S83I _M95I
DW170,4,S83I _M95I
DW172,2,Single
DW266,5,WT
DW268,2,WT
DW269,2,WT
DW270,2,WT
DW271,2,WT
DW272,2,S83I
DW273,4,WT
DW276,3,WT
DW277,6,WT
DW278,3,S83I
DW279,4,S83I _M95I
DW281,4,Dual
DW282,5,WT
DW283,3,S83I
DW284,5,WT
DW285,2,WT
DW286,4,S83I _M95I
DW287,3,S83I
DW289,1,WT
DW290,5,WT
DW292,2,WT
DW293,6,WT
DW295,6,WT
DW296,6,WT
DW299,4,S83I
DW301,4,WT
DW303,5,WT
DW304,1,Single
DW305,5,WT
DW307,4,S83I
DW308,4,WT
DW309,4,WT
DW310,6,WT
DW311,3,S83I
DW312,5,WT
DW313,2,WT
DW315,5,WT
DW316,4,S83I
DW318,6,WT
DW320,3,S83I
DW321,3,S83I
DW322,4,WT
DW325,4,WT
DW326,3,S83I
DW329,4,Single
DW330,2,WT
DW331,4,Single
DW332,3,S83I
DW334,2,WT
DW336,3,S83I
DW337,5,WT
DW339,4,WT
DW341,2,S83I
DW342,1,WT
DW344,3,S83I
DW345,5,WT
DW346,4,S83I _M95I
DW347,4,WT
DW349,4,WT
DW351,4,S83I _M95I
DW353,4,Single
DW354,2,WT
DW355,4,WT
DW356,6,WT
DW359,4,S83I _M95I
DW360,5,WT
DW361,3,S83I
DW365,4,WT
DW366,2,WT
DW368,1,WT
DW369,1,WT
DW370,4,WT
DW371,5,WT
DW372,2,WT
DW373,2,WT
DW374,4,S83I
DW375,2,S83I
DW376,4,WT
DW377,5,S83I
DW379,2,WT
DW380,2,WT
DW381,5,WT
DW382,1,WT
DW383,6,WT
DW384,4,S83I
DW385,5,WT
DW386,5,WT
DW387,2,Single
DW388,5,S83I
DW389,1,WT
DW390,4,WT
DW391,4,WT
DW392,4,S83I
DW394,1,WT
DW395,5,WT
DW396,2,Single
DW397,4,S83I
DW398,1,S83I _M95I
DW401,4,S83I
DW402,3,WT
DW405,2,Single
DW409,5,WT
DW410,4,WT
DW413,4,WT
DW414,4,WT
DW415,4,WT
DW418,4,S83I _M95I
DW419,5,WT
DW420,3,S83I
DW423,3,Single
DW425,4,S83I
DW427,4,WT
DW428,2,WT
DW429,1,S83I
DW430,3,S83I
DW432,5,WT
DW433,6,Single
DW434,5,WT
DW435,5,Single
DW436,1,S83I _M95I
DW438,4,S83I _M95I
DW439,5,WT
DW440,4,Dual
DW441,6,WT
DW442,5,WT
DW443,2,Dual
DW444,4,WT
DW446,2,WT
DW448,4,WT
DW449,2,S83I
DW450,5,Single
DW451,4,WT
DW452,1,WT
DW454,3,WT
DW456,4,S83I _M95I
DW458,3,S83I
DW460,2,Single
DW462,4,S83I _M95I
DW463,4,WT
DW464,2,S83I
DW481,1,WT
DW482,6,WT
DW483,5,WT
DW484,4,WT
DW485,4,WT
DW486,2,WT
DW487,4,WT
DW488,1,S83I
DW489,6,WT
DW493,4,WT
M2282,5,WT
M2300,5,WT
M2321,5,WT
M2341,5,Single
M30,5,WT
M6090,5,WT
M6151,5,WT
M6257,5,WT
M6270,5,WT
M6280,1,Single
M6282,1,Single
M6283,1,WT
M6284,5,WT
M6285,1,WT
M6286,1,WT
M6303,5,WT
M6312,5,WT
M6320,1,WT
M6327,5,WT
M6328,5,WT
M6475,5,WT
M6489,4,S83I
M6593,5,WT
M6604,1,WT
M6711,1,S83I
M6713,2,Single
R32G,5,WT
TW10-5G,5,WT
TW10-6G,5,WT
TW48-5G,5,WT
UTMB-10G,5,WT