Isolate,Mutation,Outcome,Treatment
DW418,A2072G,Fail,Macrolide
DW065 ,WT,Pass,Macrolide
DW088 ,WT,Pass,Macrolide
DW097,A2071G,Pass,Macrolide
DW153,WT,Pass,Macrolide
DW287,A2072G,Pass,Macrolide
DW315,WT,Pass,Macrolide
DW322,WT,Pass,Macrolide
DW365,WT,Pass,Macrolide
DW368,WT,Pass,Macrolide
DW389,WT,Pass,Macrolide
DW390,WT,Pass,Macrolide
DW409,WT,Pass,Macrolide
DW413,WT,Pass,Macrolide
DW427,WT,Pass,Macrolide
DW444,WT,Pass,Macrolide
DW446,WT,Pass,Macrolide
DW450,WT,Pass,Macrolide
DW290,WT,Unknown,Macrolide
DW460,WT,Unknown,Macrolide